{"DefaultTint":{"r":0.2641509175300598,"g":0.2641509175300598,"b":0.2641509175300598,"a":0.699999988079071},"FoldersData":{"Keys":["4f2b23907e8820b49bfa63db571dc962","bffa77c3ff651ea4484f292880453b56","ee3f1e8c30dc11f45b4af46a35fb5951","31635d71bda4c50409798840922ffb6f"],"Values":[{"_guid":"4f2b23907e8820b49bfa63db571dc962","_color":{"r":0.800000011920929,"g":0.24000000953674317,"b":0.7659383416175842,"a":0.699999988079071},"_recursive":true},{"_guid":"bffa77c3ff651ea4484f292880453b56","_color":{"r":0.800000011920929,"g":0.25147196650505068,"b":0.24000000953674317,"a":0.699999988079071},"_recursive":true},{"_guid":"ee3f1e8c30dc11f45b4af46a35fb5951","_color":{"r":0.6610764265060425,"g":0.800000011920929,"b":0.24000000953674317,"a":0.699999988079071},"_recursive":true},{"_guid":"31635d71bda4c50409798840922ffb6f","_color":{"r":0.800000011920929,"g":0.24000000953674317,"b":0.49670442938804629,"a":0.699999988079071},"_recursive":true}]}}